7E7525F3CE87;192.168.10.110
F80B9BEF10A2;192.168.10.136
1E0969A4353A;192.168.10.135
0BF710236F65;192.168.10.112
75306C69BE83;192.168.10.137
C78015C35A99;192.168.10.134
5B9813C1146F;192.168.0.100
62C3A197BE43;192.168.0.103
CDECD2F759D3;192.168.0.102
D57074ADAEAD;192.168.10.111
95E6B122361F;192.168.0.101
7B6930126E94;192.168.10.196
A7CEF5F107E6;192.168.10.138
DAF5C003305D;192.168.10.197
12DD18C03A28;192.168.10.133
A4D2772BA14A;192.168.10.113
36E2339D9864;192.168.10.198
73B97278BEA1;192.168.10.195
